URL,intencao,title,description,H1,links_relacionados
"/aranha-armadeira.html","Informativo · praga","Aranha-Armadeira: Como Prevenir e o Controle Profissional da Bioforte","A aranha-armadeira (Phoneutria) é uma das espécies mais perigosas do Brasil. Saiba identificar, prevenir e contratar o controle profissional de aranhas em Franca, Ribeirão Preto, Uberaba e Guarapuava.","Aranha Armadeira","quemSomos.html;nossoTime.html;certificacoes.html;depoimentoClientes.html;carreira.html;duvidasFrequentes.html"
"/areaCliente.html","Utilitário / acesso","Área do Cliente | Bioforte","Acesse a área do cliente Bioforte para acompanhar atendimentos, orçamentos e serviços de controle de pragas.","Área do Cliente","quemSomos.html;nossoTime.html;certificacoes.html;depoimentoClientes.html;carreira.html;duvidasFrequentes.html"
"/barata-americana.html","Informativo · praga","Barata Americana: Como Eliminar e Prevenir | Bioforte","A barata americana vive em esgotos e invade cozinhas. Saiba identificar, prevenir e contratar o controle profissional de baratas em Franca, Ribeirão Preto, Uberaba e Guarapuava.","Barata Americana","quemSomos.html;nossoTime.html;certificacoes.html;depoimentoClientes.html;carreira.html;duvidasFrequentes.html"
"/barata-germanica.html","Informativo · praga","Barata Germânica em Cozinhas e Restaurantes: Controle | Bioforte","A barata germânica é a praga mais comum em cozinhas, restaurantes e padarias. Entenda como prevenir infestações e o controle profissional da Bioforte em residências e empresas.","Barata Germânica","quemSomos.html;nossoTime.html;certificacoes.html;depoimentoClientes.html;carreira.html;duvidasFrequentes.html"
"/carrapato.html","Informativo · praga","Controle de Carrapatos no Ambiente | Bioforte","Carrapatos podem transmitir doenças a humanos e animais. Veja como identificar, prevenir e solicitar o serviço profissional de controle de carrapatos da Bioforte.","Carrapato","quemSomos.html;nossoTime.html;certificacoes.html;depoimentoClientes.html;carreira.html;duvidasFrequentes.html"
"/carreira.html","Institucional","Trabalhe Conosco | Bioforte","Faça parte da equipe Bioforte. Envie seu currículo e atue em um time especializado em controle de pragas urbanas e saneamento ambiental.","Trabalhe Conosco","quemSomos.html;nossoTime.html;certificacoes.html;depoimentoClientes.html;carreira.html;duvidasFrequentes.html"
"/certificacoes.html","Institucional","Certificações | Bioforte Saneamento Ambiental","A Bioforte possui certificações e profissionais habilitados para atuar no controle de pragas urbanas com segurança, qualidade e responsabilidade.","Certificações","quemSomos.html;nossoTime.html;certificacoes.html;depoimentoClientes.html;carreira.html;duvidasFrequentes.html"
"/contato.html","Institucional","Contato | Bioforte Saneamento Ambiental","Fale com a Bioforte em Franca (16) 3723-0808, Ribeirão Preto (16) 3635-2034 e Uberaba (34) 99298-6711. Solicite um orçamento gratuito.","Contato","quemSomos.html;nossoTime.html;certificacoes.html;depoimentoClientes.html;carreira.html;duvidasFrequentes.html"
"/controle-de-pragas-franca.html","Comercial · local","Dedetização em Franca e Controle de Pragas | Bioforte","Dedetização e controle de pragas em Franca/SP: desinsetização, desratização, descupinização e controle integrado. Bioforte com mais de 30 anos, equipe certificada. Rua João de Goes Conrado, 2525 - São José. Orçamento grátis: (16) 3723-0808.","Dedetização e Controle de Pragas em Franca","quemSomos.html;nossoTime.html;certificacoes.html;depoimentoClientes.html;carreira.html;duvidasFrequentes.html"
"/controle-de-pragas-guarapuava.html","Comercial · local","Dedetização em Guarapuava | Bioforte","Dedetização e controle de pragas em Guarapuava/PR: desinsetização, desratização, descupinização e controle integrado. Bioforte com mais de 30 anos, equipe certificada e produtos registrados. Atendimento em Guarapuava e região.","Dedetização e Controle de Pragas em Guarapuava","quemSomos.html;nossoTime.html;certificacoes.html;depoimentoClientes.html;carreira.html;duvidasFrequentes.html"
"/controle-de-pragas-ribeirao-preto.html","Comercial · local","Dedetização em Ribeirão Preto | Bioforte","Dedetização e controle de pragas em Ribeirão Preto/SP: desinsetização, desratização, descupinização e controle integrado. Bioforte com mais de 30 anos, equipe certificada. Rua João Nutti, 1135 - Jardim Paulistano. Orçamento grátis: (16) 3635-2034.","Dedetização e Controle de Pragas em Ribeirão Preto","quemSomos.html;nossoTime.html;certificacoes.html;depoimentoClientes.html;carreira.html;duvidasFrequentes.html"
"/controle-de-pragas-uberaba.html","Comercial · local","Dedetização em Uberaba | Bioforte","Dedetização e controle de pragas em Uberaba/MG: desinsetização, desratização, descupinização e controle integrado. R. Aracajú, 145 - Santa Marta, Uberaba - MG. Orçamento grátis: (34) 99298-6711.","Dedetização e Controle de Pragas em Uberaba","quemSomos.html;nossoTime.html;certificacoes.html;depoimentoClientes.html;carreira.html;duvidasFrequentes.html"
"/controleIntegradoDePragas.html","Comercial · serviço","Controle Integrado de Pragas em Franca | Bioforte","Controle Integrado de Pragas Urbanas com ações preventivas e corretivas para indústrias, empresas e residências. Equipe certificada da Bioforte. Solicite um orçamento.","Controle Integrado de Pragas","quemSomos.html;nossoTime.html;certificacoes.html;depoimentoClientes.html;carreira.html;duvidasFrequentes.html"
"/controlePombos.html","Comercial · serviço","Controle de Pombos em Franca e Ribeirão Preto | Bioforte","Controle e afastamento de pombos de forma segura e humanitária, prevenindo doenças e sujeiras. Serviço profissional da Bioforte. Solicite um orçamento.","Controle de Pombos","quemSomos.html;nossoTime.html;certificacoes.html;depoimentoClientes.html;carreira.html;duvidasFrequentes.html"
"/cupim-madeira-seca.html","Informativo · praga","Cupim de Madeira Seca: Sinais, Prevenção e Descupinização | Bioforte","O cupim de madeira seca pode destruir móveis e estruturas silenciosamente. Saiba identificar os sinais e conte com a descupinização profissional da Bioforte.","Cupim de Madeira Seca","quemSomos.html;nossoTime.html;certificacoes.html;depoimentoClientes.html;carreira.html;duvidasFrequentes.html"
"/depoimentoClientes.html","Institucional","Depoimentos de Clientes | Bioforte","Veja depoimentos e avaliações reais de clientes atendidos pela Bioforte em Franca, Ribeirão Preto e região. Qualidade comprovada em controle de pragas.","Depoimentos de Clientes","quemSomos.html;nossoTime.html;certificacoes.html;depoimentoClientes.html;carreira.html;duvidasFrequentes.html"
"/descupinizacao.html","Comercial · serviço","Descupinização em Franca e Ribeirão Preto | Bioforte","Descupinização para eliminar cupins de madeira seca e subterrâneos, protegendo móveis e imóveis. Serviço especializado da Bioforte. Peça um orçamento.","Descupinização","quemSomos.html;nossoTime.html;certificacoes.html;depoimentoClientes.html;carreira.html;duvidasFrequentes.html"
"/desinsetizacao.html","Comercial · serviço","Desinsetização em Franca SP | Bioforte","Serviço profissional de desinsetização (dedetização) para eliminar baratas, formigas, aranhas e outras pragas urbanas. Equipe qualificada da Bioforte. Peça um orçamento.","Desinsetização","quemSomos.html;nossoTime.html;certificacoes.html;depoimentoClientes.html;carreira.html;duvidasFrequentes.html"
"/desratizacao.html","Comercial · serviço","Desratização em Franca e Ribeirão Preto | Bioforte","Desratização para eliminar ratos, camundongos e ratazanas em residências e empresas. Controle de roedores com segurança pela Bioforte. Solicite um orçamento.","Desratização","quemSomos.html;nossoTime.html;certificacoes.html;depoimentoClientes.html;carreira.html;duvidasFrequentes.html"
"/dicas.html","Hub de conteúdo","Dicas e Guias de Prevenção de Pragas | Bioforte","Biblioteca de dicas e guias de prevenção de pragas urbanas: baratas, ratos, cupins, escorpiões, formigas e muito mais. Bioforte, 30 anos de experiência.","Dicas e Guias de Prevenção","quemSomos.html;nossoTime.html;certificacoes.html;depoimentoClientes.html;carreira.html;duvidasFrequentes.html"
"/duvidasFrequentes.html","Institucional","Dúvidas sobre Dedetização e Controle de Pragas | Bioforte","Tire suas dúvidas sobre dedetização, desratização, descupinização e controle de pragas com as respostas da equipe Bioforte.","Dúvidas Frequentes sobre Controle de Pragas","quemSomos.html;nossoTime.html;certificacoes.html;depoimentoClientes.html;carreira.html;duvidasFrequentes.html"
"/emConstrucao.html","Utilitário / acesso","Página em Construção | Bioforte","Esta página está em construção. Em breve a Bioforte disponibilizará novos conteúdos sobre controle de pragas e saneamento ambiental.","Estamos em Construção",""
"/escorpiao.html","Informativo · praga","Controle de Escorpiões no Ambiente | Bioforte","Escorpiões representam risco à saúde, principalmente o escorpião-amarelo. Saiba como prevenir e solicite o controle profissional de escorpiões da Bioforte, com equipe certificada.","Escorpiões","quemSomos.html;nossoTime.html;certificacoes.html;depoimentoClientes.html;carreira.html;duvidasFrequentes.html"
"/footer.html","Sem classificação","Bioforte | Template Rodapé","Template interno do rodapé do site Bioforte.","","contato.html"
"/formiga-fantasma.html","Informativo · praga","Formiga Fantasma: Como Eliminar de Residências e Empresas | Bioforte","A formiga fantasma é uma das mais difíceis de controlar. Veja como ela age e conheça o controle profissional de formigas da Bioforte em Franca, Ribeirão Preto, Uberaba e Guarapuava.","Formiga Fantasma","quemSomos.html;nossoTime.html;certificacoes.html;depoimentoClientes.html;carreira.html;duvidasFrequentes.html"
"/formiga-sauva.html","Informativo · praga","Formiga Saúva: Controle de Formigueiros no Quintal e na Lavoura | Bioforte","A formiga saúva corta folhas e pode causar grandes prejuízos em quintais, chácaras e lavouras. Conheça o serviço de controle de formigas da Bioforte.","Formiga Saúva","quemSomos.html;nossoTime.html;certificacoes.html;depoimentoClientes.html;carreira.html;duvidasFrequentes.html"
"/galeriaInstagram.html","Institucional · galeria","Galeria de Fotos | Bioforte","Veja fotos dos trabalhos e treinamentos realizados pela Bioforte em Franca, Ribeirão Preto e região: controle de pragas e saneamento ambiental.","Galeria Instagram","quemSomos.html;nossoTime.html;certificacoes.html;depoimentoClientes.html;carreira.html;duvidasFrequentes.html"
"/google.html","Sem classificação","Verificação de Domínio | Bioforte","Página de avaliações do Google da Bioforte Controle de Pragas em Franca, Ribeirão Preto e Uberaba.","",""
"/google1d6aab6188bd04a0.html","Sem classificação","","","",""
"/guia-baratas-escorpioes-guarapuava.html","Editorial · guia","Baratas e Escorpiões em Guarapuava: Guia de Prevenção no Centro-Sul do Paraná | Bioforte","Baratas e escorpiões são pragas frequentes em Guarapuava e no Centro-Sul do Paraná. Saiba por que elas aparecem e como prevenir com a Bioforte.","Baratas e Escorpiões em Guarapuava: Guia de Prevenção no Centro-Sul do Paraná","quemSomos.html;nossoTime.html;certificacoes.html;depoimentoClientes.html;carreira.html;duvidasFrequentes.html"
"/guia-como-evitar-escorpioes-em-casa.html","Editorial · guia","Como Evitar Escorpiões Dentro de Casa: Guia Completo de Prevenção | Bioforte","Guia com as principais medidas para evitar escorpiões dentro de casa: vedação, cuidado com ralos, manejo do quintal e controle de insetos.","Como Evitar Escorpiões Dentro de Casa: Guia Completo de Prevenção","quemSomos.html;nossoTime.html;certificacoes.html;depoimentoClientes.html;carreira.html;duvidasFrequentes.html"
"/guia-como-evitar-mosquitos-em-areas-externas.html","Editorial · guia","Como Evitar Mosquitos em Áreas Externas | Bioforte","Medidas para reduzir a presença de mosquitos em áreas externas: eliminar criadouros, cuidar do jardim e proteger o ambiente.","Como Evitar Mosquitos em Áreas Externas","quemSomos.html;nossoTime.html;certificacoes.html;depoimentoClientes.html;carreira.html;duvidasFrequentes.html"
"/guia-como-identificar-escorpioes.html","Editorial · guia","Como Identificar Escorpiões em Casa | Bioforte","Aprenda a identificar escorpiões em casa, conhecer os locais de risco e saber quando acionar um serviço profissional de dedetização.","Como Identificar Escorpiões em Casa","quemSomos.html;nossoTime.html;certificacoes.html;depoimentoClientes.html;carreira.html;duvidasFrequentes.html"
"/guia-como-preparar-empresa-para-controle-de-pragas.html","Editorial · guia","Como Preparar uma Empresa para o Controle de Pragas | Bioforte","Aprenda os passos para preparar empresas e indústrias para o controle periódico de pragas: organização, acesso, higiene e orientação de equipe.","Como Preparar uma Empresa para o Controle de Pragas","quemSomos.html;nossoTime.html;certificacoes.html;depoimentoClientes.html;carreira.html;duvidasFrequentes.html"
"/guia-como-prevenir-baratas.html","Editorial · guia","Como Prevenir Baratas em Casa e na Empresa | Bioforte","Aprenda como prevenir a infestação de baratas com dicas práticas de vedação, limpeza e armazenamento, para residências e empresas.","Como Prevenir Baratas em Casa e na Empresa","quemSomos.html;nossoTime.html;certificacoes.html;depoimentoClientes.html;carreira.html;duvidasFrequentes.html"
"/guia-controle-de-pragas-em-restaurantes.html","Editorial · guia","Controle de Pragas em Restaurantes: Guia Preventivo | Bioforte","Guia de controle preventivo de pragas para restaurantes: inspeção, higiene, armazenamento e programa continuado para atender exigências sanitárias.","Controle de Pragas em Restaurantes: Guia Preventivo","quemSomos.html;nossoTime.html;certificacoes.html;depoimentoClientes.html;carreira.html;duvidasFrequentes.html"
"/guia-controle-de-pragas-franca-regiao.html","Editorial · guia","Controle de Pragas em Franca e Região: Por Que Contratar uma Dedetizadora Local | Bioforte","Controle de pragas em Franca e região: entenda por que contratar uma dedetizadora local faz diferença no resultado e no atendimento.","Controle de Pragas em Franca e Região: Por Que Contratar uma Dedetizadora Local","quemSomos.html;nossoTime.html;certificacoes.html;depoimentoClientes.html;carreira.html;duvidasFrequentes.html"
"/guia-controle-de-pragas-uberaba-agro.html","Editorial · guia","Controle de Pragas para Indústrias e Agronegócio em Uberaba | Bioforte","Controle integrado de pragas para indústrias, agroindústrias e agronegócio em Uberaba e no Triângulo Mineiro: prevenção, monitoramento e segurança sanitária.","Controle de Pragas para Indústrias e Agronegócio em Uberaba","quemSomos.html;nossoTime.html;certificacoes.html;depoimentoClientes.html;carreira.html;duvidasFrequentes.html"
"/guia-controle-integrado-de-pragas-completo.html","Editorial · guia","Controle Integrado de Pragas: Guia Completo | Bioforte","Entenda o que é o controle integrado de pragas (CIP), como funciona na prática e por que ele é indicado para empresas e residências.","Controle Integrado de Pragas: Guia Completo","quemSomos.html;nossoTime.html;certificacoes.html;depoimentoClientes.html;carreira.html;duvidasFrequentes.html"
"/guia-dedetizacao-guarapuava-pr.html","Editorial · guia","Dedetização em Guarapuava/PR: Guia Completo de Controle de Pragas | Bioforte","Guia completo de dedetização em Guarapuava/PR: quais pragas são comuns, quando contratar, como funciona o serviço e onde solicitar um orçamento com a Bioforte.","Dedetização em Guarapuava/PR: Guia Completo de Controle de Pragas","quemSomos.html;nossoTime.html;certificacoes.html;depoimentoClientes.html;carreira.html;duvidasFrequentes.html"
"/guia-dedetizacao-preventiva-vale-a-pena.html","Editorial · guia","Dedetização Preventiva Vale a Pena? | Bioforte","Vantagens do controle preventivo de pragas: evita infestações, reduz custos e protege ambientes residenciais e comerciais.","Dedetização Preventiva Vale a Pena?","quemSomos.html;nossoTime.html;certificacoes.html;depoimentoClientes.html;carreira.html;duvidasFrequentes.html"
"/guia-frequencia-ideal-controle-preventivo.html","Editorial · guia","Qual a Frequência Ideal para Controle Preventivo? | Bioforte","Entenda a frequência recomendada para o controle preveativo de pragas em residências, comércios, indústrias e condomínios.","Qual a Frequência Ideal para Controle Preventivo?","quemSomos.html;nossoTime.html;certificacoes.html;depoimentoClientes.html;carreira.html;duvidasFrequentes.html"
"/guia-por-que-baratas-aparecem-em-casas-limpas.html","Editorial · guia","Por Que Aparecem Baratas Mesmo em Casas Limpas? | Bioforte","Entenda por que baratas aparecem mesmo em casas limpas e as medidas de prevenção que realmente funcionam contra a praga.","Por Que Aparecem Baratas Mesmo em Casas Limpas?","quemSomos.html;nossoTime.html;certificacoes.html;depoimentoClientes.html;carreira.html;duvidasFrequentes.html"
"/guia-pragas-aumentam-no-verao.html","Editorial · guia","Pragas Aumentam no Verão? Entenda e Previna | Bioforte","No calor e nas chuvas, pragas como mosquitos, baratas, formigas e escorpiões aparecem mais. Entenda o motivo e como se proteger.","Pragas Aumentam no Verão? Entenda e Previna","quemSomos.html;nossoTime.html;certificacoes.html;depoimentoClientes.html;carreira.html;duvidasFrequentes.html"
"/guia-prevencao-de-formigas-em-casa.html","Editorial · guia","Formigas em Casa: Como Prevenir e Eliminar | Bioforte","Dicas para prevenir e eliminar formigas em casa (formiga fantasma, saúva e outras), com foco em vedação, limpeza e controle profissional.","Formigas em Casa: Como Prevenir e Eliminar","quemSomos.html;nossoTime.html;certificacoes.html;depoimentoClientes.html;carreira.html;duvidasFrequentes.html"
"/guia-problemas-com-pombos.html","Editorial · guia","Problemas com Pombos: Riscos e Soluções | Bioforte","Pombos podem causar danos e transmitir doenças. Veja os riscos da infestação e as soluções de controle de pombos da Bioforte.","Problemas com Pombos: Riscos e Soluções","quemSomos.html;nossoTime.html;certificacoes.html;depoimentoClientes.html;carreira.html;duvidasFrequentes.html"
"/guia-proteger-criancas-e-pets-durante-dedetizacao.html","Editorial · guia","Como Proteger Crianças e Pets Durante uma Dedetização | Bioforte","Cuidados para realizar a dedetização com segurança para crianças e animais de estimação: preparação, orientações e pós-tratamento.","Como Proteger Crianças e Pets Durante uma Dedetização","quemSomos.html;nossoTime.html;certificacoes.html;depoimentoClientes.html;carreira.html;duvidasFrequentes.html"
"/guia-quando-chamar-dedetizador.html","Editorial · guia","Quando Chamar um Dedetizador Profissional | Bioforte","Veja os sinais de que a infestação de pragas saiu do controle e quando é o momento certo de contratar um dedetizador profissional.","Quando Chamar um Dedetizador Profissional","quemSomos.html;nossoTime.html;certificacoes.html;depoimentoClientes.html;carreira.html;duvidasFrequentes.html"
"/guia-quando-fazer-higienizacao-caixa-dagua.html","Editorial · guia","Higienização de Caixa d'Água: Quando e Por Que Fazer | Bioforte","Aprenda quando fazer a higienização da caixa d'água, por que ela é importante para a saúde e como a Bioforte executa o serviço de forma segura.","Higienização de Caixa d'Água: Quando e Por Que Fazer","quemSomos.html;nossoTime.html;certificacoes.html;depoimentoClientes.html;carreira.html;duvidasFrequentes.html"
"/guia-ratos-em-casa-como-identificar.html","Editorial · guia","Ratos em Casa: Como Identificar e o que Fazer | Bioforte","Fezes, ruídos noturnos, marca de roedura e cheiro forte são sinais de ratos em casa. Veja como identificar e quando chamar a desratização.","Ratos em Casa: Como Identificar e o que Fazer","quemSomos.html;nossoTime.html;certificacoes.html;depoimentoClientes.html;carreira.html;duvidasFrequentes.html"
"/guia-sinais-de-cupim-em-casa.html","Editorial · guia","Sinais de Cupim de Madeira Seca: Como Identificar | Bioforte","Saiba identificar os sinais de cupim de madeira seca (serragem, túneis, asas) e como agir rapidamente para proteger sua casa.","Sinais de Cupim em Casa: Como Identificar","quemSomos.html;nossoTime.html;certificacoes.html;depoimentoClientes.html;carreira.html;duvidasFrequentes.html"
"/header.html","Sem classificação","Bioforte | Template Cabeçalho","Template interno do cabeçalho do site Bioforte.","Treinamento NR 33","quemSomos.html;nossoTime.html;certificacoes.html;depoimentoClientes.html;carreira.html;duvidasFrequentes.html"
"/index.html","Comercial · home","Bioforte | Controle de Pragas e Dedetização","Bioforte: dedetiza&ccedil;&atilde;o (desinsetiza&ccedil;&atilde;o), desratiza&ccedil;&atilde;o, descupiniza&ccedil;&atilde;o e controle integrado de pragas em Franca, Ribeir&atilde;o Preto, Uberaba e Guarapuava. Equipe certificada e produtos registrados.","Controle de pragas para resid&ecirc;ncias e empresas","quemSomos.html;nossoTime.html;certificacoes.html;depoimentoClientes.html;carreira.html;duvidasFrequentes.html"
"/limpezaCaixaDAgua.html","Comercial · serviço","Higienização de Caixa d'Água em Franca SP | Bioforte","Higienização e limpeza de caixa d'água por profissionais treinados, garantindo água potável e segura. Bioforte Saneamento Ambiental. Solicite um orçamento.","Limpeza Caixa D'Água","quemSomos.html;nossoTime.html;certificacoes.html;depoimentoClientes.html;carreira.html;duvidasFrequentes.html"
"/mail-success.html","Utilitário / acesso","Mensagem Enviada | Bioforte","Sua mensagem foi enviada com sucesso para a equipe Bioforte. Em breve entraremos em contato.","Sucesso no envio","quemSomos.html;nossoTime.html;certificacoes.html;depoimentoClientes.html;carreira.html;duvidasFrequentes.html"
"/mosca-domestica.html","Informativo · praga","Controle de Moscas Domésticas em Residências e Comércios | Bioforte","Moscas domésticas transmitem doenças e contaminam alimentos. Saiba como prevenir e contratar o controle profissional de moscas em Franca, Ribeirão Preto, Uberaba e Guarapuava.","Mosca Doméstica","quemSomos.html;nossoTime.html;certificacoes.html;depoimentoClientes.html;carreira.html;duvidasFrequentes.html"
"/nossoTime.html","Institucional","Nosso Time | Bioforte Controle de Pragas","Conheça a equipe técnica e administrativa da Bioforte: profissionais certificados e treinados para garantir o melhor resultado no controle de pragas.","Nosso Time","quemSomos.html;nossoTime.html;certificacoes.html;depoimentoClientes.html;carreira.html;duvidasFrequentes.html"
"/nossosServicos.html","Comercial · serviço","Nossos Serviços | Bioforte","Conheça os serviços da Bioforte: desinsetização, desratização, descupinização, controle de pombos, higienização de caixa d'água e mais.","Nossos Serviços","quemSomos.html;nossoTime.html;certificacoes.html;depoimentoClientes.html;carreira.html;duvidasFrequentes.html"
"/oxi-sanitizacao.html","Comercial · serviço","Oxi-Sanitização com Ozônio | Bioforte","Oxi-sanitização com ozônio: serviço complementar de redução de odores e microrganismos em ambientes, aplicado por profissionais treinados com condições de segurança. Fale com a Bioforte.","Oxi-Sanitização","quemSomos.html;nossoTime.html;certificacoes.html;depoimentoClientes.html;carreira.html;duvidasFrequentes.html"
"/pombo.html","Informativo · praga","Controle de Pombos: Proteja Fachadas, Telhados e Condomínios | Bioforte","Pombos urbanos transmitem doenças e danificam construções. Conheça os riscos e o controle profissional de pombos da Bioforte, com técnicas que respeitam as normas ambientais.","Pombo","quemSomos.html;nossoTime.html;certificacoes.html;depoimentoClientes.html;carreira.html;duvidasFrequentes.html"
"/pragas.html","Informativo · praga","Pragas Urbanas: Conheça, Identifique e Previna | Bioforte","Central de pragas urbanas: conheça as principais pragas, onde aparecem, sinais de infestação, riscos e formas de prevenção. Bioforte, 30 anos de experiência em Franca, Ribeirão Preto e Uberaba.","Pragas Urbanas: Conheça, Identifique e Previna","quemSomos.html;nossoTime.html;certificacoes.html;depoimentoClientes.html;carreira.html;duvidasFrequentes.html"
"/pulga.html","Informativo · praga","Controle de Pulgas em Casa e no Ambiente | Bioforte","Pulgas infestam pisos, carpetes e animais de estimação. Saiba como eliminar o ciclo completo e solicite o controle profissional de pulgas com a Bioforte.","Pulga","quemSomos.html;nossoTime.html;certificacoes.html;depoimentoClientes.html;carreira.html;duvidasFrequentes.html"
"/quemSomos.html","Institucional","Quem Somos | Bioforte Saneamento Ambiental","Conheça a Bioforte Saneamento Ambiental: mais de 30 anos de experiência em controle de pragas urbanas em Franca, Ribeirão Preto e região.","Quem Somos","quemSomos.html;nossoTime.html;certificacoes.html;depoimentoClientes.html;carreira.html;duvidasFrequentes.html"
"/rato-camundongo.html","Informativo · praga","Ratos e Camundongos: Identificação e Prevenção | Bioforte","Camundongos e ratazanas contaminam alimentos e transmitem doenças. Saiba identificar sinais e solicite a desratização profissional da Bioforte em Franca, Ribeirão Preto, Uberaba e Guarapuava.","Ratos e Camundongos","quemSomos.html;nossoTime.html;certificacoes.html;depoimentoClientes.html;carreira.html;duvidasFrequentes.html"
"/treinamentoNr33.html","Institucional · treinamento","Treinamento NR 33 | Bioforte","Fotos e registros dos treinamentos NR 33 realizados pela equipe Bioforte em segurança e saúde no ambiente de trabalho.","Treinamento NR 33","quemSomos.html;nossoTime.html;certificacoes.html;depoimentoClientes.html;carreira.html;duvidasFrequentes.html"
"/treinamentoNr35.html","Institucional · treinamento","Treinamento NR 35 | Bioforte","Fotos e registros dos treinamentos NR 35 realizados pela equipe Bioforte quanto a trabalhos em altura.","Treinamento NR 35","quemSomos.html;nossoTime.html;certificacoes.html;depoimentoClientes.html;carreira.html;duvidasFrequentes.html"